[
	{
		"model": "Mercedes Benz CLA 200 AMG line",
		"year": "2019",
		"seats": "4",
		"doors": "4",
		"transmission": "Automatic",
		"size":"Large",
		"price": "50000",
		"pricePerDay":"200",
		"fileName": "mercedes_cla200.png"
	},
	
	{
		"model": "Fiat 500",
		"year": "2016",
		"seats": "4",
		"doors": "3",
		"transmission": "Manual",
		"size":"Small",
		"price": "24000",
		"pricePerDay":"82.29",
		"fileName": "fiat_500.png"
	},
	
	{
		"model": "Ford Fiesta",
		"year": "2016",
		"seats": "4",
		"doors": "5",
		"transmission": "Manual",
		"size":"Small",
		"price": "24700",
		"pricePerDay":"83.99",
		"fileName": "ford_fiesta.png"
	},
	
	{
		"model": "Mercedes Benz C-Class Auto",
		"year": "2019",
		"seats": "5",
		"doors": "4",
		"transmission": "Automatic",
		"size":"Large",
		"price": "55000",
		"pricePerDay":"276.75",
		"fileName": "mercedes_benz_c.png"
	},
	
	{
		"model": "Citroen Grand Picasso",
		"year": "2015",
		"seats": "7",
		"doors": "5",
		"transmission": "Manual",
		"size":"People Carriers",
		"price": "54900",
		"pricePerDay":"276.08",
		"fileName": "citroen_grand_picasso.png"
	},
	
	{
		"model": "Volkswagen Passat",
		"year": "2017",
		"seats": "5",
		"doors": "5",
		"transmission": "Manual",
		"size":"Mid-size",
		"price": "30000",
		"pricePerDay":"111.63",
		"fileName": "volkswagen_passat.png"
	},
	
	{
		"model": "Hyundai Tucson",
		"year": "2019",
		"seats": "5",
		"doors": "4",
		"transmission": "Automatic",
		"size":"Mid-size",
		"price": "37850",
		"pricePerDay":"160.93",
		"fileName": "hyundai_tucson.png"
	}
]